Hieroglyph	Gardiner's gloss	Proposed concept(s)/NA	Plausible administrative records concept
ğ“€€	seated man	man, sit	Yes
ğ“€	man with hand to mouth	eat, drink	No
ğ“€‚	man sitting on heel		No
ğ“€ƒ	seated man with hands raised		No
ğ“€„	crouching man hiding behind wall	hide	No
ğ“€…	seated man hiding behind wall	hide	No
ğ“€†	seated man under vase from which water flows		No
ğ“€‡	seated man reaching for libation stone, under vase from which water flows		No
ğ“€ˆ	seated man reaching down, under vase from which water flows		No
ğ“€‰	fatigued man	tired	No
ğ“€Š	man performing hnw-rite	pray	No
ğ“€‹	man steadying basket on head	work, carry	No
ğ“€Œ	seated man holding oar		No
ğ“€	seated man holding scepter of authority and shepherd's crook		No
ğ“€	soldier with bow and quiver	soldier	Yes
ğ“€	man with arms tied behind his back		No
ğ“€	falling man with blood streaming from his head	death	Yes
ğ“€‘	man whose head is hit with an axe		No
ğ“€’	man falling	fall	No
ğ“€“	man bowing down	bow	No
ğ“€”	child sitting with hand to mouth		No
ğ“€•	child sitting with arms hanging down		No
ğ“€–	child wearing red crown	prince	Yes
ğ“€—	bent man leaning on staff	aged, crouch	No
ğ“€˜	man leaning on forked staff		No
ğ“€™	man holding staff with handkerchief		
ğ“€š	statue of man with staff and scepter of authority	official	Yes
ğ“€›	king with staff and mace with round head	king	Yes
ğ“€œ	man striking with both hands	strike	No
ğ“€	man striking, with left arm hanging behind back		No
ğ“€	man with one arm pointing forward		No
ğ“€Ÿ	hastening man	fast	No
ğ“€ 	man with hands raised on either side	happy	No
ğ“€¡	man upside down	inverted	No
ğ“€¢	man with hands raised in front	praise	No
ğ“€£	man with hands raised behind him		No
ğ“€¤	man dancing with arms to the back	dance	No
ğ“€¥	man dancing with arms to the front		No
ğ“€¦	man with stick and bundle on shoulder	carry, bundle	No
ğ“€§	man pounding in a mortar	pound	No
ğ“€¨	man building wall	build	No
ğ“€©	man kneading into vessel	knead	No
ğ“€ª	man in vessel	brew	No
ğ“€«	man holding necks of two emblematic animals with panther heads		No
ğ“€¬	man on two giraffes		No
ğ“€­	seated god	god	Yes
ğ“€®	seated god with sceptre		No
ğ“€¯	king with uraeus	king	Yes
ğ“€°	king with uraeus and flagellum		No
ğ“€±	king with uraeus and flagellum		No
ğ“€²	king wearing white crown		No
ğ“€³	king wearing white crown with sceptre		No
ğ“€´	king wearing white crown with flagellum		No
ğ“€µ	king wearing red crown		No
ğ“€¶	king wearing red crown with sceptre		No
ğ“€·	king wearing red crown with flagellum		No
ğ“€¸	shepherd seated and wrapped in mantle, holding stick	shepherd	Yes
ğ“€¹	beardless man seated and holding knife		No
ğ“€º	seated Syrian holding stick		No
ğ“€»	noble on chair	noble	No
ğ“€¼	noble on chair with flagellum		No
ğ“€½	noble squatting with flagellum		No
ğ“€¾	standing mummy	mummy	Yes
ğ“€¿	lying mummy		No
ğ“€	mummy on bed		No
ğ“	seated man holding stick		No
ğ“‚	man holding loaf on mat	baker	Yes
ğ“ƒ	man applying hoe to ground	farmer	Yes
ğ“„	man threatening with stick		No
ğ“…	man sowing seeds	farmer	Yes
ğ“†	man looking over his shoulder		No
ğ“‡	Asiatic		No
ğ“ˆ	king on throne holding staff		No
ğ“‰	man sitting on heels holding forward cup		No
ğ“Š	man wearing tunic with fringes and holding mace		No
ğ“‹	man holding sistrum		No
ğ“Œ	dwarf	dwarf	No
ğ“	man holding up knife	fight, duel	No
ğ“	seated man with raised right arm and left arm hanging down		No
ğ“	seated man with raised arms		No
ğ“	seated woman	woman	Yes
ğ“‘	pregnant woman	pregnant	Yes
ğ“’	woman giving birth	birth	Yes
ğ““	combination of woman giving birth and three skins tied together		No
ğ“”	woman suckling child	nurse	Yes
ğ“•	woman suckling child (simplified)		No
ğ“–	woman on chair with child on lap		No
ğ“—	queen wearing diadem and holding flower	queen	Yes
ğ“˜	woman holding lotus flower		No
ğ“™	woman holding sistrum		No
ğ“š	god with sun-disk and uraeus		No
ğ“›	god with falcon head and sun-disk holding ankh		No
ğ“œ	god with falcon head and sun-disk		No
ğ“	C2A reversed		No
ğ“	C2 reversed		No
ğ“Ÿ	god with ibis head		No
ğ“ 	god with ram head		No
ğ“¡	god with ram head holding ankh		No
ğ“¢	god with jackal head		No
ğ“£	god with Seth-animal head		No
ğ“¤	ithyphallic god with two plumes, uplifted arm and flagellum		No
ğ“¥	goddess with horned sun-disk	goddess	Yes
ğ“¦	goddess with feather		No
ğ“§	goddess with feather holding ankh		No
ğ“¨	god with arms supporting the sky and palm branch on head		No
ğ“©	god with two plumes and scepter		No
ğ“ª	C12 reversed		No
ğ“«	god with two plumes and scimitar		No
ğ“¬	C14 reversed		No
ğ“­	god wearing red crown with ankh		No
ğ“®	god with falcon head and two plumes		No
ğ“¯	squatting god		No
ğ“°	mummy-shaped god		No
ğ“±	mummy-shaped god in shrine		No
ğ“²	Bes		No
ğ“³	god with falcon head and moon		No
ğ“´	goddess with feline head and sun with uraeus		No
ğ“µ	god wearing red crown with scepter		No
ğ“¶	head	head	No
ğ“·	face	face	No
ğ“¸	hair	hair	No
ğ“¹	eye	eye	No
ğ“º	eye touched up with paint	makeup	Yes
ğ“»	eye with painted upper lid	eyelid	No
ğ“¼	eye with painted lower lid		No
ğ“½	eye enclosed in sandy tract		No
ğ“¾	eye with painted lower lid enclosed in sandy tract		No
ğ“¿	eye with flowing tears	tears, cry	No
ğ“‚€	Eye of Horus		No
ğ“‚	left part of the eye of Horus		No
ğ“‚‚	pupil		No
ğ“‚ƒ	eyebrow		No
ğ“‚„	right part of eye of Horus		No
ğ“‚…	diagonal marking of eye of Horus		No
ğ“‚†	vertical marking of eye of Horus		No
ğ“‚‡	diagonal and vertical markings of eye of Horus		No
ğ“‚ˆ	ear	ear	No
ğ“‚‰	nose, eye and cheek	face	No
ğ“‚Š	nose, eye and cheek (cursive)		No
ğ“‚‹	mouth	mouth	No
ğ“‚Œ	mouth with two strokes		No
ğ“‚	mouth with three strokes	teeth	Yes
ğ“‚	upper lip with teeth	lips	No
ğ“‚	lips		No
ğ“‚	liquid issuing from lips	spit	No
ğ“‚‘	small breast	breast	No
ğ“‚’	large breast		No
ğ“‚“	two arms upraised		No
ğ“‚”	combination of hieroglyphs D28 and R12		No
ğ“‚•	two arms upraised with tail		No
ğ“‚–	arms embracing club	club	Yes
ğ“‚—	two arms uppraised and club		No
ğ“‚˜	arms embracing	embrace	No
ğ“‚™	arms rowing	row	No
ğ“‚š	arms with shield and battle axe	fight	No
ğ“‚›	arms with shield and mace		No
ğ“‚œ	arms in gesture of negation	negation	No
ğ“‚	forearm (palm upwards)	forearm, arm	No
ğ“‚	forearm with bread cone		No
ğ“‚Ÿ	forearm with rounded loaf		No
ğ“‚ 	forearm with bowl		No
ğ“‚¡	forearm with stick		No
ğ“‚¢	forearm with palm down and bent upper arm		No
ğ“‚£	forearm with palm down and straight upper arm		No
ğ“‚¤	forearm with flail		No
ğ“‚¥	arm with sekhem scepter		No
ğ“‚¦	arm with wand		No
ğ“‚§	hand	hand	No
ğ“‚¨	liquid falling from hand	wash	No
ğ“‚©	hand with palm up	palm	No
ğ“‚ª	hand without thumb		No
ğ“‚«	<b>hand holding egg</b>		No
ğ“‚¬	fist	fist	No
ğ“‚­	one finger	finger	No
ğ“‚®	two fingers		No
ğ“‚¯	three fingers		No
ğ“‚°	four fingers		No
ğ“‚±	five fingers		No
ğ“‚²	six fingers		No
ğ“‚³	seven fingers		No
ğ“‚´	eight fingers		No
ğ“‚µ	nine fingers		No
ğ“‚¶	five fingers (row)		No
ğ“‚·	one finger (horizontal)		No
ğ“‚¸	phallus	phallus, penis	No
ğ“‚¹	phallus with folded cloth		No
ğ“‚º	phallus with emission	urinate	No
ğ“‚»	legs walking	legs, walk	No
ğ“‚¼	hieratic legs walking		No
ğ“‚½	legs walking backwards		No
ğ“‚¾	leg	leg	No
ğ“‚¿	leg with knife	foot	No
ğ“ƒ€	foot		No
ğ“ƒ	foot and forearm		No
ğ“ƒ‚	foot under vase from which water flows		No
ğ“ƒƒ	three toes oriented leftward	toe	No
ğ“ƒ„	three toes oriented rightward		No
ğ“ƒ…	two toes oriented leftward		No
ğ“ƒ†	hand with palm down		No
ğ“ƒ‡	lock of hair		No
ğ“ƒˆ	arm with reed pen	pen	Yes
ğ“ƒ‰	one dot	dot	No
ğ“ƒŠ	two dots		No
ğ“ƒ‹	three dots		No
ğ“ƒŒ	four dots		No
ğ“ƒ	five dots		No
ğ“ƒ	six dots		No
ğ“ƒ	seven dots		No
ğ“ƒ	eight dots		No
ğ“ƒ‘	nine dots		No
ğ“ƒ’	bull	bull	Yes
ğ“ƒ“	bull charging	charge	No
ğ“ƒ”	calf	calf	Yes
ğ“ƒ•	sacred cow	cow	Yes
ğ“ƒ–	cow suckling calf		No
ğ“ƒ—	horse	horse	Yes
ğ“ƒ˜	donkey	donkey	Yes
ğ“ƒ™	kid	kid	Yes
ğ“ƒš	kid jumping	jump	No
ğ“ƒ›	newborn hartebeest	hartebeest	No
ğ“ƒœ	mature bovine lying down	bovine	Yes
ğ“ƒ	ram	ram	Yes
ğ“ƒ	ram		No
ğ“ƒŸ	pig	pig	Yes
ğ“ƒ 	cat	cat	Yes
ğ“ƒ¡	dog	dog	Yes
ğ“ƒ¢	lying canine	canine	Yes
ğ“ƒ£	lying canine on shrine		No
ğ“ƒ¤	lying canine on shrine with flagellum		No
ğ“ƒ¥	jackal	jackal	No
ğ“ƒ¦	jackal looking back		No
ğ“ƒ§	wolf on standard	wolf	No
ğ“ƒ¨	wolf on standard with mace		No
ğ“ƒ©	Set-animal		No
ğ“ƒª	Set-animal on basket		No
ğ“ƒ«	lying Set-animal		No
ğ“ƒ¬	lion	lion	No
ğ“ƒ­	lying lion		No
ğ“ƒ®	panther	panther	No
ğ“ƒ¯	hippopotamus	hippopotamus	No
ğ“ƒ°	elephant	elephant	Yes
ğ“ƒ±	giraffe	giraffe	Yes
ğ“ƒ²	oryx	oryx	Yes
ğ“ƒ³	oryx with irrigation system		No
ğ“ƒ´	gazelle	gazelle	Yes
ğ“ƒµ	ibex	ibex	Yes
ğ“ƒ¶	goat with collar	goat	Yes
ğ“ƒ·	baboon	baboon	Yes
ğ“ƒ¸	monkey	monkey	Yes
ğ“ƒ¹	hare	hare	Yes
ğ“ƒº	hare (low)		No
ğ“ƒ»	baboon		No
ğ“ƒ¼	baboon with receptacle and basket		No
ğ“ƒ½	long-horned bull	bull	Yes
ğ“ƒ¾	ox head	ox, ox head	Yes
ğ“ƒ¿	bovine head	bovine head	Yes
ğ“„€	charging ox head	charge	No
ğ“„	hippopotamus head		No
ğ“„‚	forepart of lion		No
ğ“„ƒ	hartebeest head		No
ğ“„„	forepart of hartebeest		No
ğ“„…	ram head		No
ğ“„†	forepart of ram		No
ğ“„‡	leopard head		No
ğ“„ˆ	head and neck of animal	head, neck	No
ğ“„‰	head and neck of animal		No
ğ“„Š	head and neck of animal		No
ğ“„‹	horns	horn	Yes
ğ“„Œ	horns		No
ğ“„	horns with palm branch		No
ğ“„	horns with palm branch and sun		No
ğ“„	horn		No
ğ“„	horn and vase from which water flows		No
ğ“„‘	tusk	tusk	Yes
ğ“„’	lower jaw-bone of ox	jaw	No
ğ“„“	tongue	tongue	No
ğ“„”	ear of bovine	ear	No
ğ“„•	hieratic ear of bovine		No
ğ“„–	hind-quarters of lion	hindquarters	No
ğ“„—	foreleg of ox	foreleg	No
ğ“„˜	F23 reversed		No
ğ“„™	leg of ox		No
ğ“„š	skin of goat	skin	Yes
ğ“„›	skin of cow with bent tail		No
ğ“„œ	skin of cow with straight tail		No
ğ“„	cow's skin pierced by arrow		No
ğ“„	water- skin	waterskin	Yes
ğ“„Ÿ	three skins tied together		No
ğ“„ 	three skins tied together		No
ğ“„¡	animal's belly	belly	No
ğ“„¢	tail	tail	No
ğ“„£	heart	heart	No
ğ“„¤	heart and windpipe	windpipe	No
ğ“„¥	lung and windpipe	lung	No
ğ“„¦	backbone and ribs and spinal cord	backbone, ribs, spinal cord	No
ğ“„§	backbone and ribs		No
ğ“„¨	backbone and ribs		No
ğ“„©	backbone and ribs and spinal cord		No
ğ“„ª	backbone and spinal cord		No
ğ“„«	backbone and spinal cords		No
ğ“„¬	vertebrae	vertebrae	No
ğ“„­	rib	rib	No
ğ“„®	ribs		No
ğ“„¯	bone with meat	bone, meat	Yes
ğ“„°	uterus	uterus	No
ğ“„±	uterus		No
ğ“„²	intestine	intestine	No
ğ“„³	intestine		No
ğ“„´	intestine		No
ğ“„µ	intestine		No
ğ“„¶	intestine		No
ğ“„·	intestine		No
ğ“„¸	combination of F46 and S29		No
ğ“„¹	piece of flesh	flesh	Yes
ğ“„º	three pieces of flesh horizontally		No
ğ“„»	three pieces of flesh vertically		No
ğ“„¼	F51 reversed		No
ğ“„½	excrement	excrement	No
ğ“„¾	divine rod with ram head		No
ğ“„¿	Egyptian vulture	Egyptian vulture	Yes
ğ“…€	two Egyptian vultures		No
ğ“…	combination of Egyptian vulture and sickle		No
ğ“…‚	buzzard	buzzard	Yes
ğ“…ƒ	falcon	falcon	Yes
ğ“…„	combination of falcon and flaggellum		No
ğ“……	falcon on basket		No
ğ“…†	falcon on standard		No
ğ“…‡	falcon in boat		No
ğ“…ˆ	falcon in boat		No
ğ“…‰	falcon on collar of beads		No
ğ“…Š	falcon with sun on head		No
ğ“…‹	falcon in Sokar barque		No
ğ“…Œ	image of falcon		No
ğ“…	image of falcon on standard		No
ğ“…	combination of image of falcon and flagellum		No
ğ“…	image of falcon with two plumes		No
ğ“…	vulture	vulture	Yes
ğ“…‘	combination of vulture and flagellum		No
ğ“…’	vulture and cobra each on a basket		No
ğ“…“	owl	owl	Yes
ğ“…”	two owls		No
ğ“…•	combination of owl and forearm with conical loaf		No
ğ“…–	combination of owl and forearm		No
ğ“…—	combination of owl and mouth		No
ğ“…˜	guinea-fowl	guinea-fowl	Yes
ğ“…™	hoopoe	hoopoe	Yes
ğ“…š	lapwing	lapwing	Yes
ğ“…›	lapwing with twisted wings		No
ğ“…œ	northern bald ibis	ibis	Yes
ğ“…	sacred Ibis on standard		No
ğ“…	sacred Ibis		No
ğ“…Ÿ	flamingo	flamingo	Yes
ğ“… 	glossy ibis	glossy ibis	Yes
ğ“…¡	saddle-billed stork	stork	Yes
ğ“…¢	three saddle-billed storks		No
ğ“…£	heron	heron	Yes
ğ“…¤	heron on perch		No
ğ“…¥	cattle egret	egret	Yes
ğ“…¦	ostrich	ostrich	Yes
ğ“…§	cormorant	cormorant	Yes
ğ“…¨	swallow	swallow	Yes
ğ“…©	swallow (low)		No
ğ“…ª	sparrow	sparrow	Yes
ğ“…«	sparrow (low)		No
ğ“…¬	white-fronted goose	goose	Yes
ğ“…­	pintail	pintail, duck	Yes
ğ“…®	pintail flying	fly	No
ğ“…¯	pintail alighting	landing	No
ğ“…°	widgeon	widgeon	Yes
ğ“…±	quail chick	quail, chick	Yes
ğ“…²	combination of quail chick and flat loaf		No
ğ“…³	two quail chicks		No
ğ“…´	combination of quail chick and forearm		No
ğ“…µ	combination of quail chick and forearm with conical loaf		No
ğ“…¶	combination of quail chick and sickle		No
ğ“…·	duckling	duckling	Yes
ğ“…¸	three ducklings in nest		No
ğ“…¹	three ducklings in pool		No
ğ“…º	two plovers	plover	Yes
ğ“…»	bird pecking at fish	feed	No
ğ“…¼	goose picking up grain	feed	No
ğ“…½	human-headed bird with bowl with smoke		No
ğ“…¾	plucked bird	pluck	No
ğ“…¿	head of pintail		No
ğ“†€	head of crested bird		No
ğ“†	head of spoonbill		No
ğ“†‚	head of vulture		No
ğ“†ƒ	wing	wing	No
ğ“†„	feather	feather	Yes
ğ“†…	hieratic feather		No
ğ“††	claw	claw	No
ğ“†‡	egg	egg	Yes
ğ“†ˆ	gecko	gecko	Yes
ğ“†‰	turtle	turtle, tortoise	Yes
ğ“†Š	crocodile	crocodile	Yes
ğ“†‹	crocodile on shrine		No
ğ“†Œ	crocodile with curved tail		No
ğ“†	image of crocodile		No
ğ“†	crocodile scales	scale	No
ğ“†	frog	frog	Yes
ğ“†	tadpole	tadpole	Yes
ğ“†‘	horned viper	horned viper, viper	Yes
ğ“†’	horned viper crawling out of enclosure	crawl	No
ğ“†“	cobra	cobra	Yes
ğ“†”	cobra with feather		No
ğ“†•	two cobras		No
ğ“†–	combination of cobra, flat loaf and sandy tract		No
ğ“†—	erect cobra	erect	No
ğ“†˜	erect cobra on basket		No
ğ“†™	snake	snake	Yes
ğ“†š	snake		No
ğ“†›	tilapia	tilapia	Yes
ğ“†œ	barbel	barbel	Yes
ğ“†	mullet	mullet	Yes
ğ“†	elephant-snout fish	fish	Yes
ğ“†Ÿ	Petrocephalus bane	petrocephalus	Yes
ğ“† 	fish scale	scale	No
ğ“†¡	puffer	pufferfish	Yes
ğ“†¢	catfish	catfish	Yes
ğ“†£	dung beetle	beetle, scarab	Yes
ğ“†¤	bee	bee	Yes
ğ“†¥	combination of bee, sedge and two flat loafs		No
ğ“†¦	fly	fly	Yes
ğ“†§	locust	locust	Yes
ğ“†¨	centipede	centipede	Yes
ğ“†©	shell	shell, mollusk, snail	Yes
ğ“†ª	L6 reversed		No
ğ“†«	scorpion	scorpion	Yes
ğ“†¬	UNGLOSSED		No
ğ“†­	tree	tree	Yes
ğ“†®	combination of tree and branch		No
ğ“†¯	combination of tree and horned viper		No
ğ“†°	plant	plant	Yes
ğ“†±	branch	branch	Yes
ğ“†²	combination of owl and branch		No
ğ“†³	palm branch	palm tree	Yes
ğ“†´	combination of palm branch and flat loaf		No
ğ“†µ	combination of palm branch and mouth		No
ğ“†¶	combination of palm branch and stool		No
ğ“†·	pool with lotus flowers	lotus, pool	Yes
ğ“†¸	lotus flower	flower	Yes
ğ“†¹	lotus bud with straight stem	bud, stem	Yes
ğ“†º	lotus bud with winding stem		No
ğ“†»	flower on long twisted stalk		No
ğ“†¼	one lotus plant		No
ğ“†½	two lotus plants		No
ğ“†¾	three lotus plants		No
ğ“†¿	four lotus plants		No
ğ“‡€	five lotus plants		No
ğ“‡	six lotus plants		No
ğ“‡‚	seven lotus plants		No
ğ“‡ƒ	eight lotus plants		No
ğ“‡„	nine lotus plants		No
ğ“‡…	papyrus stem	papyrus, reed	Yes
ğ“‡†	combination of papyrus and cobra		No
ğ“‡‡	clump of papyrus with buds		No
ğ“‡ˆ	combination of clump of papyrus with buds and village		No
ğ“‡‰	clump of papyrus		No
ğ“‡Š	combination of clump of papyrus and village		No
ğ“‡‹	reed	reed	Yes
ğ“‡Œ	two reeds		No
ğ“‡	combination of reed and legs walking		No
ğ“‡	heaped conical cakes between reed and club		No
ğ“‡	field of reeds	field	Yes
ğ“‡	reeds with root	root	Yes
ğ“‡‘	rush	rush	Yes
ğ“‡’	two rushes		No
ğ“‡“	sedge	sedge	Yes
ğ“‡”	combination of sedge and mouth		No
ğ“‡•	lily	lily	Yes
ğ“‡–	combination of flowering sedge and mouth		No
ğ“‡—	flowering sedge		No
ğ“‡˜	combination of flowering sedge and forearm		No
ğ“‡™	combination of flowering sedge and hobble		No
ğ“‡š	three lilies on village		No
ğ“‡›	seed-pod	seed pod, seed	Yes
ğ“‡œ	root	root	Yes
ğ“‡	rhizome	rhizome	Yes
ğ“‡	tree in vase	tree, vase	Yes
ğ“‡Ÿ	rhizome		No
ğ“‡ 	3 grains horizontally		No
ğ“‡¡	3 grains vertically		No
ğ“‡¢	3 grains in triangular arrangement		No
ğ“‡£	ear of emmer	emmer, ear of grain	Yes
ğ“‡¤	stack (of grain)	stack of grain	Yes
ğ“‡¥	bundle of flax	flax	Yes
ğ“‡¦	bundle of flax		No
ğ“‡§	wide bundle of flax		No
ğ“‡¨	basket of fruit or grain	basket	Yes
ğ“‡©	bundle of reeds	bundle	Yes
ğ“‡ª	bundle of reeds		No
ğ“‡«	piece of wood	wood	Yes
ğ“‡¬	flower		No
ğ“‡­	vine on trellis	vine	Yes
ğ“‡®	thorn	thorn	Yes
ğ“‡¯	sky	sky	No
ğ“‡°	sky with sceptre		No
ğ“‡±	sky with sceptre		No
ğ“‡²	sky with rain	rain	No
ğ“‡³	sun	sun	Yes
ğ“‡´	sun with uraeus		No
ğ“‡µ	combination of sun and butcher's block		No
ğ“‡¶	sunshine	sunshine	No
ğ“‡·	moon with lower half obscured	moon	Yes
ğ“‡¸	moon with lower section obscured		No
ğ“‡¹	crescent moon	crescent	No
ğ“‡º	crescent moon		No
ğ“‡»	combination of crescent moon and star		No
ğ“‡¼	star	star	Yes
ğ“‡½	star in circle		No
ğ“‡¾	land with grains		No
ğ“‡¿	land	land	Yes
ğ“ˆ€	sandy tract	sand	Yes
ğ“ˆ	combination of sandy tract and ripple of water		No
ğ“ˆ‚	combination of roll of bread and bolt		No
ğ“ˆƒ	two sandy tracts		No
ğ“ˆ„	tongue of land		No
ğ“ˆ…	short tongue of land		No
ğ“ˆ†	broad tongue of land		No
ğ“ˆ‡	irrigation canal	canal	Yes
ğ“ˆˆ	irrigation canal system	canal system	Yes
ğ“ˆ‰	three hills	hill, hills	Yes
ğ“ˆŠ	three hills (low)		No
ğ“ˆ‹	two hills		No
ğ“ˆŒ	sun over mountain	mountain, dawn	Yes
ğ“ˆ	rays of sun over hill		No
ğ“ˆ	slope of hill	hill, slope	Yes
ğ“ˆ	mound of earth	mound	Yes
ğ“ˆ	road with shrubs		No
ğ“ˆ‘	lump of clay	clay	Yes
ğ“ˆ’	grain	grain	Yes
ğ“ˆ“	three grains		No
ğ“ˆ”	ingot of metal	ingot	Yes
ğ“ˆ•	ingot of metal		No
ğ“ˆ–	ripple of water	water, ripple, wave	Yes
ğ“ˆ—	three ripples of water		No
ğ“ˆ˜	canal	canal	Yes
ğ“ˆ™	pool	pool	Yes
ğ“ˆš	pool		No
ğ“ˆ›	deep pool		No
ğ“ˆœ	pool with water		No
ğ“ˆ	pool with legs		No
ğ“ˆ	well with ripple of water		No
ğ“ˆŸ	well with line of water		No
ğ“ˆ 	UNGLOSSED		No
ğ“ˆ¡	UNGLOSSED		No
ğ“ˆ¢	UNGLOSSED		No
ğ“ˆ£	UNGLOSSED		No
ğ“ˆ¤	UNGLOSSED		No
ğ“ˆ¥	UNGLOSSED		No
ğ“ˆ¦	UNGLOSSED		No
ğ“ˆ§	UNGLOSSED		No
ğ“ˆ¨	UNGLOSSED		No
ğ“ˆ©	UNGLOSSED		No
ğ“ˆª	UNGLOSSED		No
ğ“ˆ«	UNGLOSSED		No
ğ“ˆ¬	UNGLOSSED		No
ğ“ˆ­	UNGLOSSED		No
ğ“ˆ®	UNGLOSSED		No
ğ“ˆ¯	UNGLOSSED		No
ğ“ˆ°	UNGLOSSED		No
ğ“ˆ±	UNGLOSSED		No
ğ“ˆ²	UNGLOSSED		No
ğ“ˆ³	UNGLOSSED		No
ğ“ˆ´	UNGLOSSED		No
ğ“ˆµ	UNGLOSSED		No
ğ“ˆ¶	UNGLOSSED		No
ğ“ˆ·	UNGLOSSED		No
ğ“ˆ¸	UNGLOSSED		No
ğ“ˆ¹	UNGLOSSED		No
ğ“ˆº	UNGLOSSED		No
ğ“ˆ»	UNGLOSSED		No
ğ“ˆ¼	UNGLOSSED		No
ğ“ˆ½	UNGLOSSED		No
ğ“ˆ¾	UNGLOSSED		No
ğ“ˆ¿	UNGLOSSED		No
ğ“‰€	UNGLOSSED		No
ğ“‰	UNGLOSSED		No
ğ“‰‚	UNGLOSSED		No
ğ“‰ƒ	UNGLOSSED		No
ğ“‰„	UNGLOSSED		No
ğ“‰…	UNGLOSSED		No
ğ“‰†	UNGLOSSED		No
ğ“‰‡	UNGLOSSED		No
ğ“‰ˆ	UNGLOSSED		No
ğ“‰‰	UNGLOSSED		No
ğ“‰Š	UNGLOSSED		No
ğ“‰‹	UNGLOSSED		No
ğ“‰Œ	UNGLOSSED		No
ğ“‰	UNGLOSSED		No
ğ“‰	UNGLOSSED		No
ğ“‰	UNGLOSSED		No
ğ“‰	house	house	Yes
ğ“‰‘	combination of house and ankh		No
ğ“‰’	combination of house and mace with round head		No
ğ“‰“	combination of house, oar, tall loaf and beer jug		No
ğ“‰”	shelter	shelter	Yes
ğ“‰•	winding wall from upper-left corner	wall	Yes
ğ“‰–	winding wall from lower-left corner		No
ğ“‰—	enclosure	enclosure	Yes
ğ“‰˜	opening of á¸¥wt-enclosure		No
ğ“‰™	opening of á¸¥wt-enclosure		No
ğ“‰š	opening of á¸¥wt-enclosure		No
ğ“‰›	closing of á¸¥wt-enclosure		No
ğ“‰œ	closing of á¸¥wt-enclosure		No
ğ“‰	closing of á¸¥wt-enclosure		No
ğ“‰	combination of enclosure and flat loaf		No
ğ“‰Ÿ	combination of enclosure, flat loaf and wooden column		No
ğ“‰ 	combination of enclosure, flat loaf and basket		No
ğ“‰¡	combination of enclosure and falcon		No
ğ“‰¢	combination of enclosure and ankh		No
ğ“‰£	combination of enclosure and bee		No
ğ“‰¤	combination of shrine in profile and face	shrine	Yes
ğ“‰¥	palace	palace	Yes
ğ“‰¦	combination of palace and forearm		No
ğ“‰§	battlemented enclosure	battlement, fort	Yes
ğ“‰¨	part of battlemented enclosure		No
ğ“‰©	enclosure with cup and flat loaf		No
ğ“‰ª	gateway with serpents	gate, gateway	Yes
ğ“‰«	open gateway with serpents		No
ğ“‰¬	shrine in profile		No
ğ“‰­	shrine with fence	fence	Yes
ğ“‰®	shrine		No
ğ“‰¯	shrine		No
ğ“‰°	shrine		No
ğ“‰±	faÃ§ade of shrine		No
ğ“‰²	booth with pole	booth	Yes
ğ“‰³	double platform	platform	Yes
ğ“‰´	pyramid	pyramid	Yes
ğ“‰µ	pedestal of sun temple	pedestal	Yes
ğ“‰¶	obelisk	obelisk	Yes
ğ“‰·	obelisk and pedestal of sun temple		No
ğ“‰¸	stela	stela	Yes
ğ“‰¹	hall of columns	column, hall	Yes
ğ“‰º	column	column	Yes
ğ“‰»	horizontal wooden column		No
ğ“‰¼	vertical wooden column		No
ğ“‰½	support	support	Yes
ğ“‰¾	four supports		No
ğ“‰¿	door		No
ğ“Š€	gateway	gate, gateway	Yes
ğ“Š	faÃ§ade of palace		No
ğ“Š‚	closing of srá¸«-enclosure		No
ğ“Šƒ	door bolt	door, door bolt	Yes
ğ“Š„	combination of bolt and legs		No
ğ“Š…	wall	wall	Yes
ğ“Š†	opening of oval fortified wall enclosure		No
ğ“Š‡	closing of oval fortified wall enclosure		No
ğ“Šˆ	opening of square fortified wall enclosure	enclosure	Yes
ğ“Š‰	closure of square fortified wall enclosure		No
ğ“ŠŠ	falling wall	collapse	No
ğ“Š‹	corner of wall	corner	Yes
ğ“ŠŒ	stone	stone	Yes
ğ“Š	stair single	stair	Yes
ğ“Š	double stairway		No
ğ“Š	fence	fence	Yes
ğ“Š	low fence		No
ğ“Š‘	emblem of Min		No
ğ“Š’	domed building	dome, building	Yes
ğ“Š“	domed building		No
ğ“Š”	enclosed mound	mound	Yes
ğ“Š•	enclosed mound		No
ğ“Š–	village	village	Yes
ğ“Š—	threshing floor	thresh, threshing floor	Yes
ğ“Š˜	hieratic threshing floor		No
ğ“Š™	O50A reversed		No
ğ“Šš	pile of grain	pile	Yes
ğ“Š›	boat	boat	Yes
ğ“Šœ	boat upside down	capsize	No
ğ“Š	ship under sail	ship	Yes
ğ“Š	sacred barque		No
ğ“ŠŸ	sacred barque without steering oar		No
ğ“Š 	boat with net	boat, net, fishing	Yes
ğ“Š¡	sail	sail	Yes
ğ“Š¢	mast 	mast	Yes
ğ“Š£	combination of mast and forearm		No
ğ“Š¤	oar	oar	Yes
ğ“Š¥	combination of oar and horned viper		No
ğ“Š¦	rudder	rudder	Yes
ğ“Š§	mooring post	mooring post, moor	Yes
ğ“Š¨	seat throne	throne, seat	Yes
ğ“Š©	carrying chair	chair, carry	Yes
ğ“Šª	stool	stool	Yes
ğ“Š«	headrest	headrest, pillow	Yes
ğ“Š¬	chest	chest, trunk	Yes
ğ“Š­	sarcophagus	sarcophagus, coffin	Yes
ğ“Š®	brazier	brazier	Yes
ğ“Š¯	high table with offerings	offering	Yes
ğ“Š°	table with slices of bread		No
ğ“Š±	high table with offerings		No
ğ“Š²	low table with offerings		No
ğ“Š³	low table	table	Yes
ğ“Š´	low table with offerings (simplified)		No
ğ“Šµ	loaf on mat		No
ğ“Š¶	narrow censer	censer	Yes
ğ“Š·	broad censer		No
ğ“Š¸	bowl with smoke	bowl, smoke	Yes
ğ“Š¹	Cloth on pole	pole, cloth, flag	Yes
ğ“Šº	combination of cloth on pole and bag		No
ğ“Š»	combination of cloth on pole, butcher's block and slope of hill		No
ğ“Š¼	combination of cloth on pole and butcher's block		No
ğ“Š½	reed column		No
ğ“Š¾	standard		No
ğ“Š¿	falcon and feather on standard		No
ğ“‹€	Emblem of the West	west	No
ğ“‹	spear, Emblem of the East	east	No
ğ“‹‚	sceptre with feathers and string	scepter	Yes
ğ“‹ƒ	sceptre with feathers		No
ğ“‹„	wig on pole	wig	Yes
ğ“‹…	combination of wig on pole and irrigation canal system		No
ğ“‹†	scepter with feather		No
ğ“‹‡	flower with horns		No
ğ“‹ˆ	flower with horns		No
ğ“‹‰	two narrow belemnites		No
ğ“‹Š	two broad belemnites		No
ğ“‹‹	two bows tied horizontally	bow, rope	Yes
ğ“‹Œ	two bows tied vertically		No
ğ“‹	combination of land, lung and windpipe, lily, and papyrus		No
ğ“‹	two arrows crossed over a shield	arrow, shield	Yes
ğ“‹	Bat	bat	No
ğ“‹	niche with serpent		No
ğ“‹‘	white crown	crown	Yes
ğ“‹’	combination of white crown and basket		No
ğ“‹“	combination of white crown and village		No
ğ“‹”	red crown		No
ğ“‹•	combination of red crown and basket		No
ğ“‹–	Pschent Crown		No
ğ“‹—	combination of Pschent Crown and basket		No
ğ“‹˜	combination of red crown and village		No
ğ“‹™	blue crown		No
ğ“‹š	Atef crown		No
ğ“‹›	shuti two-feather adornment	adornment	Yes
ğ“‹œ	headband	headband	Yes
ğ“‹	broad collar	collar	Yes
ğ“‹	collar of beads	collar, necklace	Yes
ğ“‹Ÿ	combination of collar of beads and foot		No
ğ“‹ 	combination of collar of beads and mace with round head		No
ğ“‹¡	combination of collar of beads and sceptre		No
ğ“‹¢	combination of collar of beads and sceptre		No
ğ“‹£	pectoral	pectorla	No
ğ“‹¤	pectoral		No
ğ“‹¥	pectoral		No
ğ“‹¦	girdle	girdle	Yes
ğ“‹§	menat necklace and counterpoise		No
ğ“‹¨	seal with necklace	seal	Yes
ğ“‹©	necklace with seal		No
ğ“‹ª	ring	ring	Yes
ğ“‹«	shoulder-knot	knot	Yes
ğ“‹¬	two whips with shen ring	whip	Yes
ğ“‹­	girdle knot		Yes
ğ“‹®	garment with ties	garment	Yes
ğ“‹¯	apron	apron	No
ğ“‹°	apron		No
ğ“‹±	apron		No
ğ“‹²	cloth with two strands	cloth	Yes
ğ“‹³	cloth with fringe on top and folded cloth		No
ğ“‹´	folded cloth	cloth, fold, sheet	Yes
ğ“‹µ	combination of folded cloth and horned viper		No
ğ“‹¶	combination of folded cloth and sickle		No
ğ“‹·	cloth with fringe on the side		No
ğ“‹¸	sandal	sandal	Yes
ğ“‹¹	life ankh, possibly representing a sandal-strap	strap	Yes
ğ“‹º	sunshade	sunshade, umbrella	Yes
ğ“‹»	sunshade		No
ğ“‹¼	sunshade		No
ğ“‹½	fan	fan	Yes
ğ“‹¾	crook	crook	Yes
ğ“‹¿	shepherd's crook		No
ğ“Œ€	wêœ£ssceptre (uêœ£s)		No
ğ“Œ	sceptre	scepter	Yes
ğ“Œ‚	Sekhem scepter		No
ğ“Œƒ	walking stick	walking stick	Yes
ğ“Œ„	walking stick with flagellum	flagellum, whip	Yes
ğ“Œ…	flagellum		No
ğ“Œ†	covering for head and neck	head covering, scarf	Yes
ğ“Œ‡	mace with flat head	mace	Yes
ğ“Œˆ	mace with round head		No
ğ“Œ‰	mace with round head		No
ğ“ŒŠ	combination of mace with round head and two hills		No
ğ“Œ‹	mace with strap		No
ğ“ŒŒ	combination of mace with round head and cobra		No
ğ“Œ	combination of mace with round head and two cobras		No
ğ“Œ	axe	axe	Yes
ğ“Œ	axe		No
ğ“Œ	dagger	dagger, knife	Yes
ğ“Œ‘	dagger	bow	Yes
ğ“Œ’	bow		No
ğ“Œ“	bow		No
ğ“Œ”	composite bow		No
ğ“Œ•	arrow	arrow	Yes
ğ“Œ–	two crossed arrows		No
ğ“Œ—	bowstring	bowstring	Yes
ğ“Œ˜	joined pieces of wood	wood	Yes
ğ“Œ™	throw stick vertically	throw stick	Yes
ğ“Œš	throw stick slanted		No
ğ“Œ›	scimitar	scimitar	Yes
ğ“Œœ	scimitar		No
ğ“Œ	chariot	chariot	Yes
ğ“Œ	crook with package attached	crook	Yes
ğ“ŒŸ	harpoon head	harpoon head	Yes
ğ“Œ 	harpoon head		No
ğ“Œ¡	harpoon	harpoon	Yes
ğ“Œ¢	arrowhead	arrowhead	Yes
ğ“Œ£	arrowhead		No
ğ“Œ¤	fishingnet	net, fishing net	Yes
ğ“Œ¥	float	float	Yes
ğ“Œ¦	birdtrap	trap, birdtrap	Yes
ğ“Œ§	trap		No
ğ“Œ¨	butcher's block	block, butcher's block	Yes
ğ“Œ©	butcher's block with knife		No
ğ“Œª	knife	knife	Yes
ğ“Œ«	knife-sharpener	sharpener	Yes
ğ“Œ¬	combination of knife and legs		No
ğ“Œ­	combination of knife and folded cloth		No
ğ“Œ®	knife-sharpener of butcher		No
ğ“Œ¯	combination of knife-sharpener and folded cloth		No
ğ“Œ°	butcher's knife	butcher's knife	Yes
ğ“Œ±	butcher's knife		No
ğ“Œ²	shield	shield	Yes
ğ“Œ³	sickle	sickle	Yes
ğ“Œ´	sickle		No
ğ“Œµ	UNGLOSSED		No
ğ“Œ¶	UNGLOSSED		No
ğ“Œ·	UNGLOSSED		No
ğ“Œ¸	UNGLOSSED		No
ğ“Œ¹	UNGLOSSED		No
ğ“Œº	UNGLOSSED		No
ğ“Œ»	hoe	hoe	No
ğ“Œ¼	UNGLOSSED		Yes
ğ“Œ½	UNGLOSSED		No
ğ“Œ¾	grain measure (with plural, for grain particles)	measure	Yes
ğ“Œ¿	UNGLOSSED		No
ğ“€	UNGLOSSED		No
ğ“	UNGLOSSED		No
ğ“‚	UNGLOSSED		No
ğ“ƒ	sled (sledge)	sled	Yes
ğ“„	sled with jackal head		No
ğ“…	Pick, opening earth	pick	Yes
ğ“†	UNGLOSSED		No
ğ“‡	UNGLOSSED		No
ğ“ˆ	UNGLOSSED		No
ğ“‰	adze- on-block	adze	Yes
ğ“Š	clapper-(of-bell) tool/instrument forked-staff, etc.	bell clapper	Yes
ğ“‹	chisel	chisel	Yes
ğ“Œ	UNGLOSSED		No
ğ“	hand drill (hieroglyph)	drill	Yes
ğ“	UNGLOSSED		No
ğ“	UNGLOSSED		No
ğ“	UNGLOSSED		No
ğ“‘	fire-drill	fire drill	Yes
ğ“’	UNGLOSSED		No
ğ““	UNGLOSSED		No
ğ“”	kiln	kiln	Yes
ğ“•	UNGLOSSED		No
ğ“–	UNGLOSSED		No
ğ“—	UNGLOSSED		No
ğ“˜	'pestle'-(curved top)	pestle	Yes
ğ“™	UNGLOSSED		No
ğ“š	UNGLOSSED		No
ğ“›	fuller's-club		No
ğ“œ	UNGLOSSED		No
ğ“	scale	scale	Yes
ğ“	UNGLOSSED		No
ğ“Ÿ	a support-(to lift)		No
ğ“ 	plummet	plummet, plumb line	Yes
ğ“¡	pitchfork	pitchfork	Yes
ğ“¢	UNGLOSSED	100	Yes
ğ“£	UNGLOSSED	200	Yes
ğ“¤	UNGLOSSED	300	Yes
ğ“¥	UNGLOSSED	400	Yes
ğ“¦	UNGLOSSED	500	Yes
ğ“§	UNGLOSSED	600	Yes
ğ“¨	UNGLOSSED	700	Yes
ğ“©	UNGLOSSED	800	Yes
ğ“ª	UNGLOSSED	900	Yes
ğ“«	UNGLOSSED	500	Yes
ğ“¬	UNGLOSSED		No
ğ“­	UNGLOSSED		No
ğ“®	UNGLOSSED		No
ğ“¯	lasso	lasso, cord	Yes
ğ“°	UNGLOSSED		No
ğ“±	rope-(shape)	rope	Yes
ğ“²	rope-(shape)		No
ğ“³	UNGLOSSED		No
ğ“´	UNGLOSSED		No
ğ“µ	UNGLOSSED		No
ğ“¶	shen ring		No
ğ“·	cartouche	cartouche	Yes
ğ“¸	cartouche-(divided)		No
ğ“¹	UNGLOSSED		No
ğ“º	UNGLOSSED		No
ğ“»	UNGLOSSED		No
ğ“¼	UNGLOSSED		No
ğ“½	UNGLOSSED		No
ğ“¾	UNGLOSSED		No
ğ“¿	tethering rope	tethering rope, tether	Yes
ğ“€	UNGLOSSED		No
ğ“	tethering rope w/ walking legs		No
ğ“‚	cattle hobble (bil.)	hobble	Yes
ğ“ƒ	lifesaver	lifesaver	Yes
ğ“„	UNGLOSSED		No
ğ“…	UNGLOSSED		No
ğ“†	cattle hobble	10	Yes
ğ“‡	UNGLOSSED	20	Yes
ğ“ˆ	UNGLOSSED	30	Yes
ğ“‰	UNGLOSSED	40	Yes
ğ“Š	UNGLOSSED	50	Yes
ğ“‹	UNGLOSSED	60	Yes
ğ“Œ	UNGLOSSED	70	Yes
ğ“	UNGLOSSED	80	Yes
ğ“	UNGLOSSED	90	Yes
ğ“	UNGLOSSED	20	Yes
ğ“	UNGLOSSED	30	Yes
ğ“‘	UNGLOSSED	40	Yes
ğ“’	UNGLOSSED	50	Yes
ğ““	Fetter + Cobra		No
ğ“”	whip	whip	Yes
ğ“•	UNGLOSSED		No
ğ“–	UNGLOSSED		No
ğ“—	UNGLOSSED		No
ğ“˜	command staff	staff, command	Yes
ğ“™	UNGLOSSED		No
ğ“š	UNGLOSSED		No
ğ“›	a twisted wick	wick	Yes
ğ“œ	UNGLOSSED		No
ğ“	(fiber) swab (straw broom)	swab, broom	Yes
ğ“	UNGLOSSED		No
ğ“Ÿ	basket (hieroglyph)	basket	Yes
ğ“ 	UNGLOSSED		No
ğ“¡	basket- with-handle (hieroglyph)		No
ğ“¢	UNGLOSSED		No
ğ“£	UNGLOSSED		No
ğ“¤	UNGLOSSED		No
ğ“¥	UNGLOSSED		No
ğ“¦	UNGLOSSED		No
ğ“§	UNGLOSSED		No
ğ“¨	doubled container (or-added-glyphs) many spellings	container	Yes
ğ“©	UNGLOSSED		No
ğ“ª	UNGLOSSED	ladle	Yes
ğ“«	UNGLOSSED		No
ğ“¬	?stylized ankh (for Isis)(?)		No
ğ“­	UNGLOSSED		No
ğ“®	UNGLOSSED		No
ğ“¯	Oil jar	jar, oil	Yes
ğ“°	Oil-jar without ties		No
ğ“±	alabaster basin	basin	Yes
ğ“²	alabaster basin		No
ğ“³	festival chamber, (the tail is also vertical 'Great': <b>êœ¥êœ£</b>)		No
ğ“´	UNGLOSSED		No
ğ“µ	Metal vessel	vessel	Yes
ğ“¶	Granite Bowl	bowl	Yes
ğ“·	Granite Bowl		No
ğ“¸	stone jug	jug	Yes
ğ“¹	UNGLOSSED		No
ğ“º	cup	cup	Yes
ğ“»	Pot	pot	Yes
ğ“¼	Jar stand	jar stand	Yes
ğ“½	Jar stand		No
ğ“¾	pot		No
ğ“¿	water jar	water jar	Yes
ğ“€	water jar with water		No
ğ“	water jar with rack		No
ğ“‚	water jar with rack		No
ğ“ƒ	water jar with rack		No
ğ“„	UNGLOSSED		No
ğ“…	water jar with rack		No
ğ“†	UNGLOSSED		No
ğ“‡	Milk jug with handle	milk jug, milk	Yes
ğ“ˆ	Milk jug with cover		No
ğ“‰	Wine jars	wine jar, wine	Yes
ğ“Š	Beer jug	beer jug, beer	Yes
ğ“‹	Beer jug		No
ğ“Œ	Pot	pot	Yes
ğ“	three pots		No
ğ“	Pot with legs		No
ğ“	loaf of bread	loaf, bread	Yes
ğ“	UNGLOSSED		No
ğ“‘	UNGLOSSED		No
ğ“’	UNGLOSSED		No
ğ““	UNGLOSSED		No
ğ“”	UNGLOSSED		No
ğ“•	UNGLOSSED		No
ğ“–	loaf-with-decoration		No
ğ“—	UNGLOSSED		No
ğ“˜	UNGLOSSED		No
ğ“™	cone- shaped bread	cone	Yes
ğ“š	UNGLOSSED		No
ğ“›	papyrus roll	papyrus, text, roll	Yes
ğ“œ	UNGLOSSED		No
ğ“	UNGLOSSED		No
ğ“	Scribe's equipment	writing equipment, pen, ink, stylus	Yes
ğ“Ÿ	Scribe's equipment		No
ğ“ 	Senet board	game board, game, play	Yes
ğ“¡	game piece	game piece	Yes
ğ“¢	harp	harp	Yes
ğ“£	Sistrum	sistrum	Yes
ğ“¤	Single stroke		No
ğ“¥	Plural stroke (horizontal)		No
ğ“¦	UNGLOSSED		No
ğ“§	UNGLOSSED		No
ğ“¨	UNGLOSSED		No
ğ“©	UNGLOSSED		No
ğ“ª	plural strokes (vertical)		No
ğ“«	UNGLOSSED		No
ğ“¬	UNGLOSSED		No
ğ“­	Dual stroke		No
ğ“®	UNGLOSSED		No
ğ“¯	Diagonal stroke (from hieratic)		No
ğ“°	UNGLOSSED		No
ğ“±	Substitute for various human figures		No
ğ“²	coil (hieratic equivalent)	coil	Yes
ğ“³	Oval	oval	No
ğ“´	Crossed diagonal sticks	diagonal, stick	No
ğ“µ	Crossed diagonal sticks		No
ğ“¶	two planks crossed and joined	plank	Yes
ğ“·	UNGLOSSED		No
ğ“¸	UNGLOSSED		No
ğ“¹	UNGLOSSED		No
ğ“º	UNGLOSSED	1	Yes
ğ“»	UNGLOSSED	2	Yes
ğ“¼	UNGLOSSED	3	Yes
ğ“½	UNGLOSSED	4	Yes
ğ“¾	UNGLOSSED	5	Yes
ğ“¿	UNGLOSSED	6	Yes
ğ“€	UNGLOSSED	7	Yes
ğ“	UNGLOSSED	8	Yes
ğ“‚	UNGLOSSED	9	Yes
ğ“ƒ	UNGLOSSED	5	Yes
ğ“„	UNGLOSSED		No
ğ“…	UNGLOSSED		No
ğ“†	UNGLOSSED		No
ğ“‡	UNGLOSSED		No
ğ“ˆ	UNGLOSSED		No
ğ“‰	UNGLOSSED		No
ğ“Š	UNGLOSSED		No
ğ“‹	UNGLOSSED		No
ğ“Œ	UNGLOSSED		No
ğ“	Placenta or sieve	placenta, sieve	No
ğ“	Pustule	pustule	No
ğ“	Pustule with liquid issuing from it	infect	No
ğ“	UNGLOSSED		No
ğ“‘	Part of steering gear of a ship	steer	No
ğ“’	UNGLOSSED		No
ğ““	A Smiting-Blade	smite	No
ğ“”	UNGLOSSED		No
ğ“•	UNGLOSSED		No
ğ“–	Irrigation tunnels	irrigate	No
ğ“—	UNGLOSSED		No
ğ“˜	UNGLOSSED		No
ğ“™	UNGLOSSED		No
ğ“š	UNGLOSSED		No
ğ“›	UNGLOSSED		No
ğ“œ	UNGLOSSED		No
ğ“	UNGLOSSED		No
ğ“	UNGLOSSED		No
ğ“Ÿ	UNGLOSSED		No
ğ“ 	UNGLOSSED		No
ğ“¡	UNGLOSSED		No
ğ“¢	UNGLOSSED		No
ğ“£	UNGLOSSED		No
ğ“¤	UNGLOSSED		No
ğ“¥	UNGLOSSED		No
ğ“¦	UNGLOSSED		No
ğ“§	UNGLOSSED		No
ğ“¨	UNGLOSSED		No
ğ“©	UNGLOSSED		No
ğ“ª	UNGLOSSED		No
ğ“«	UNGLOSSED		No
ğ“¬	UNGLOSSED		No
ğ“­	UNGLOSSED		No
ğ“®	UNGLOSSED		No